[
  {
    "name": "NotyStack Android",
    "desc": "Fully fledged android CRUD app based on different design patterns. Built using Java, XML, SQLite, Firebase, RoomDB, MVVM.",
    "image": "notystackandroid",
    "category": "android",
    "links": {
      "view": "https://www.linkedin.com/posts/jigar-sable_androiddev-androidstudio-java-activity-6955224473822199808-JT0j",
      "code": "https://github.com/jigar-sable/notystack-android"
    }
  },
  {
    "name": "SPPU Engg Prep",
    "desc": "All in one SPPU Engineering resources. Built using Java, XML and Firebase.",
    "image": "sppuprepandroid",
    "category": "android",
    "links": {
      "view": "https://www.linkedin.com/posts/jigar-sable_androiddev-androidstudio-java-activity-6955224473822199808-JT0j",
      "code": "https://github.com/jigar-sable/sppu-prep-android"
    }
  },
  {
    "name": "NewsBox Android",
    "desc": "Native android app built using Java, XML. Retrofit & Glide dependencies. Provides different category news.",
    "image": "newsboxandroid",
    "category": "android",
    "links": {
      "view": "https://www.linkedin.com/posts/jigar-sable_androiddev-androidstudio-java-activity-6955224473822199808-JT0j",
      "code": "https://github.com/jigar-sable/newsbox-android"
    }
  },
  {
    "name": "Weatherly Android",
    "desc": "Native android app built using Java, XML and Volley dependencies. Provides weather forecast.",
    "image": "weatherlyandroid",
    "category": "android",
    "links": {
      "view": "https://www.linkedin.com/posts/jigar-sable_androiddev-androidstudio-java-activity-6955224473822199808-JT0j",
      "code": "https://github.com/jigar-sable/weatherly-android"
    }
  },
  {
    "name": "Instagram MERN",
    "desc": "Full-Stack Instagram clone built using MERN stack and realtime chat with the help of socket.iO",
    "image": "instagrammern",
    "category": "mern",
    "links": {
      "view": "https://instagramernstack.herokuapp.com/",
      "code": "https://github.com/jigar-sable/instagram-mern"
    }
  },
  {
    "name": "Flipkart MERN",
    "desc": "Full-Stack Flipkart with Admin Dashboard and Paytm Payment Gateway. MERN Stack WebApp, ready to use for business.",
    "image": "flipkartmern",
    "category": "mern",
    "links": {
      "view": "https://flipkartwebs.herokuapp.com/",
      "code": "https://github.com/jigar-sable/flipkart-mern"
    }
  },
 
  {
    "name": "ResumeGen",
    "desc": "ReactJS Basic Resume Generator which will generate customized resume in few minutes on your requirements.",
    "image": "resumegen",
    "category": "mern",
    "links": {
      "view": "https://resumegenx.netlify.app/",
      "code": "https://github.com/jigar-sable/resumegen"
    }
  },
  {
    "name": "React-Projects",
    "desc": "Full-Stack project dashboard which is collection of projects built on the React library.",
    "image": "reactprojects",
    "category": "mern",
    "links": {
      "view": "https://reactjsprojects.herokuapp.com/",
      "code": "https://github.com/jigar-sable/React-Projects"
    }
  }
  
]
